429;КОММУНАЛЬНАЯ УЛ;0:05;ПРИЛУКИ(Сеницкий с/с);0:15;сб вс
429;КОММУНАЛЬНАЯ УЛ;0:31;ПРИЛУКИ(Сеницкий с/с);0:41;пн вт ср чт пт
279У;КОММУНАЛЬНАЯ УЛ;5:11;ПРИЛУКИ(Сеницкий с/с);5:19;пн вт ср чт пт
213У;КОММУНАЛЬНАЯ УЛ;5:17;ПРИЛУКИ(Сеницкий с/с);5:25;пн вт ср чт пт
279У;КОММУНАЛЬНАЯ УЛ;5:24;ПРИЛУКИ(Сеницкий с/с);5:32;пн вт ср чт пт
213;КОММУНАЛЬНАЯ УЛ;5:51;ПРИЛУКИ(Сеницкий с/с);5:59;пн вт ср чт пт
213У;КОММУНАЛЬНАЯ УЛ;5:54;ПРИЛУКИ(Сеницкий с/с);6:05;сб вс
279У;КОММУНАЛЬНАЯ УЛ;5:58;ПРИЛУКИ(Сеницкий с/с);6:06;пн вт ср чт пт
279У;КОММУНАЛЬНАЯ УЛ;6:09;ПРИЛУКИ(Сеницкий с/с);6:17;сб вс
279У;КОММУНАЛЬНАЯ УЛ;6:09;ПРИЛУКИ(Сеницкий с/с);6:17;пн вт ср чт пт
279У;КОММУНАЛЬНАЯ УЛ;6:16;ПРИЛУКИ(Сеницкий с/с);6:24;пн вт ср чт пт
279У;КОММУНАЛЬНАЯ УЛ;6:19;ПРИЛУКИ(Сеницкий с/с);6:27;пн вт ср чт пт
279У;КОММУНАЛЬНАЯ УЛ;6:31;ПРИЛУКИ(Сеницкий с/с);6:39;пн вт ср чт пт
429;КОММУНАЛЬНАЯ УЛ;6:39;ПРИЛУКИ(Сеницкий с/с);6:50;пн вт ср чт пт
279У;КОММУНАЛЬНАЯ УЛ;6:39;ПРИЛУКИ(Сеницкий с/с);6:47;сб вс
213;КОММУНАЛЬНАЯ УЛ;6:45;ПРИЛУКИ(Сеницкий с/с);6:57;пн вт ср чт пт
279У;КОММУНАЛЬНАЯ УЛ;6:49;ПРИЛУКИ(Сеницкий с/с);7:01;пн вт ср чт пт
429;КОММУНАЛЬНАЯ УЛ;6:54;ПРИЛУКИ(Сеницкий с/с);7:05;пн вт ср чт пт
429;КОММУНАЛЬНАЯ УЛ;6:56;ПРИЛУКИ(Сеницкий с/с);7:08;сб вс
339;КОММУНАЛЬНАЯ УЛ;6:59;ПРИЛУКИ(Сеницкий с/с);7:11;пн вт ср чт пт
429;КОММУНАЛЬНАЯ УЛ;7:04;ПРИЛУКИ(Сеницкий с/с);7:15;пн вт ср чт пт
339;КОММУНАЛЬНАЯ УЛ;7:11;ПРИЛУКИ(Сеницкий с/с);7:23;сб вс
429;КОММУНАЛЬНАЯ УЛ;7:15;ПРИЛУКИ(Сеницкий с/с);7:26;пн вт ср чт пт
429;КОММУНАЛЬНАЯ УЛ;7:26;ПРИЛУКИ(Сеницкий с/с);7:38;сб вс
429;КОММУНАЛЬНАЯ УЛ;7:31;ПРИЛУКИ(Сеницкий с/с);7:43;сб вс
429;КОММУНАЛЬНАЯ УЛ;7:39;ПРИЛУКИ(Сеницкий с/с);7:51;пн вт ср чт пт
429;КОММУНАЛЬНАЯ УЛ;7:49;ПРИЛУКИ(Сеницкий с/с);8:01;пн вт ср чт пт
213;КОММУНАЛЬНАЯ УЛ;7:53;ПРИЛУКИ(Сеницкий с/с);8:05;пн вт ср чт пт
429;КОММУНАЛЬНАЯ УЛ;7:56;ПРИЛУКИ(Сеницкий с/с);8:08;сб вс
429;КОММУНАЛЬНАЯ УЛ;8:00;ПРИЛУКИ(Сеницкий с/с);8:12;пн вт ср чт пт
429;КОММУНАЛЬНАЯ УЛ;8:08;ПРИЛУКИ(Сеницкий с/с);8:20;пн вт ср чт пт
429;КОММУНАЛЬНАЯ УЛ;8:16;ПРИЛУКИ(Сеницкий с/с);8:28;пн вт ср чт пт
279;КОММУНАЛЬНАЯ УЛ;8:22;ПРИЛУКИ(Сеницкий с/с);8:34;сб вс
429;КОММУНАЛЬНАЯ УЛ;8:27;ПРИЛУКИ(Сеницкий с/с);8:39;пн вт ср чт пт
429;КОММУНАЛЬНАЯ УЛ;8:33;ПРИЛУКИ(Сеницкий с/с);8:45;сб вс
429;КОММУНАЛЬНАЯ УЛ;8:39;ПРИЛУКИ(Сеницкий с/с);8:51;пн вт ср чт пт
213;КОММУНАЛЬНАЯ УЛ;8:45;ПРИЛУКИ(Сеницкий с/с);8:57;сб вс
429;КОММУНАЛЬНАЯ УЛ;8:51;ПРИЛУКИ(Сеницкий с/с);9:03;пн вт ср чт пт
429;КОММУНАЛЬНАЯ УЛ;8:59;ПРИЛУКИ(Сеницкий с/с);9:11;сб вс
429;КОММУНАЛЬНАЯ УЛ;9:02;ПРИЛУКИ(Сеницкий с/с);9:14;пн вт ср чт пт
429;КОММУНАЛЬНАЯ УЛ;9:14;ПРИЛУКИ(Сеницкий с/с);9:26;пн вт ср чт пт
279;КОММУНАЛЬНАЯ УЛ;9:16;ПРИЛУКИ(Сеницкий с/с);9:28;сб вс
279;КОММУНАЛЬНАЯ УЛ;9:29;ПРИЛУКИ(Сеницкий с/с);9:41;пн вт ср чт пт
429;КОММУНАЛЬНАЯ УЛ;9:36;ПРИЛУКИ(Сеницкий с/с);9:48;сб вс
429;КОММУНАЛЬНАЯ УЛ;9:46;ПРИЛУКИ(Сеницкий с/с);9:58;пн вт ср чт пт
279;КОММУНАЛЬНАЯ УЛ;9:56;ПРИЛУКИ(Сеницкий с/с);10:08;сб вс
429;КОММУНАЛЬНАЯ УЛ;10:04;ПРИЛУКИ(Сеницкий с/с);10:16;пн вт ср чт пт
429;КОММУНАЛЬНАЯ УЛ;10:16;ПРИЛУКИ(Сеницкий с/с);10:28;сб вс
429;КОММУНАЛЬНАЯ УЛ;10:19;ПРИЛУКИ(Сеницкий с/с);10:31;пн вт ср чт пт
279;КОММУНАЛЬНАЯ УЛ;10:34;ПРИЛУКИ(Сеницкий с/с);10:46;пн вт ср чт пт
279;КОММУНАЛЬНАЯ УЛ;10:36;ПРИЛУКИ(Сеницкий с/с);10:48;сб вс
429;КОММУНАЛЬНАЯ УЛ;10:51;ПРИЛУКИ(Сеницкий с/с);11:03;пн вт ср чт пт
429;КОММУНАЛЬНАЯ УЛ;10:56;ПРИЛУКИ(Сеницкий с/с);11:08;сб вс
429;КОММУНАЛЬНАЯ УЛ;11:05;ПРИЛУКИ(Сеницкий с/с);11:17;пн вт ср чт пт
429;КОММУНАЛЬНАЯ УЛ;11:16;ПРИЛУКИ(Сеницкий с/с);11:28;сб вс
429;КОММУНАЛЬНАЯ УЛ;11:19;ПРИЛУКИ(Сеницкий с/с);11:31;пн вт ср чт пт
279;КОММУНАЛЬНАЯ УЛ;11:33;ПРИЛУКИ(Сеницкий с/с);11:45;сб вс
213;КОММУНАЛЬНАЯ УЛ;11:42;ПРИЛУКИ(Сеницкий с/с);11:54;пн вт ср чт пт
429;КОММУНАЛЬНАЯ УЛ;11:51;ПРИЛУКИ(Сеницкий с/с);12:03;сб вс
429;КОММУНАЛЬНАЯ УЛ;11:51;ПРИЛУКИ(Сеницкий с/с);12:03;пн вт ср чт пт
339;КОММУНАЛЬНАЯ УЛ;11:59;ПРИЛУКИ(Сеницкий с/с);12:11;пн вт ср чт пт
279;КОММУНАЛЬНАЯ УЛ;12:06;ПРИЛУКИ(Сеницкий с/с);12:18;сб вс
429;КОММУНАЛЬНАЯ УЛ;12:18;ПРИЛУКИ(Сеницкий с/с);12:30;пн вт ср чт пт
429;КОММУНАЛЬНАЯ УЛ;12:21;ПРИЛУКИ(Сеницкий с/с);12:33;сб вс
429;КОММУНАЛЬНАЯ УЛ;12:34;ПРИЛУКИ(Сеницкий с/с);12:46;пн вт ср чт пт
279;КОММУНАЛЬНАЯ УЛ;12:36;ПРИЛУКИ(Сеницкий с/с);12:48;сб вс
279;КОММУНАЛЬНАЯ УЛ;12:41;ПРИЛУКИ(Сеницкий с/с);12:53;пн вт ср чт пт
429;КОММУНАЛЬНАЯ УЛ;12:51;ПРИЛУКИ(Сеницкий с/с);13:03;сб вс
429;КОММУНАЛЬНАЯ УЛ;13:05;ПРИЛУКИ(Сеницкий с/с);13:17;пн вт ср чт пт
279;КОММУНАЛЬНАЯ УЛ;13:19;ПРИЛУКИ(Сеницкий с/с);13:31;пн вт ср чт пт
429;КОММУНАЛЬНАЯ УЛ;13:21;ПРИЛУКИ(Сеницкий с/с);13:33;сб вс
429;КОММУНАЛЬНАЯ УЛ;13:34;ПРИЛУКИ(Сеницкий с/с);13:46;пн вт ср чт пт
279;КОММУНАЛЬНАЯ УЛ;13:36;ПРИЛУКИ(Сеницкий с/с);13:48;сб вс
211;КОММУНАЛЬНАЯ УЛ;13:48;ПРИЛУКИ(Сеницкий с/с);14:00;пн вт ср чт пт
429;КОММУНАЛЬНАЯ УЛ;13:51;ПРИЛУКИ(Сеницкий с/с);14:03;сб вс
279;КОММУНАЛЬНАЯ УЛ;13:55;ПРИЛУКИ(Сеницкий с/с);14:07;пн вт ср чт пт
279;КОММУНАЛЬНАЯ УЛ;14:06;ПРИЛУКИ(Сеницкий с/с);14:18;сб вс
429;КОММУНАЛЬНАЯ УЛ;14:07;ПРИЛУКИ(Сеницкий с/с);14:19;пн вт ср чт пт
429;КОММУНАЛЬНАЯ УЛ;14:22;ПРИЛУКИ(Сеницкий с/с);14:34;сб вс
429;КОММУНАЛЬНАЯ УЛ;14:29;ПРИЛУКИ(Сеницкий с/с);14:41;пн вт ср чт пт
339А;КОММУНАЛЬНАЯ УЛ;14:38;ПРИЛУКИ(Сеницкий с/с);14:50;сб вс
339А;КОММУНАЛЬНАЯ УЛ;14:41;ПРИЛУКИ(Сеницкий с/с);14:53;пн вт ср чт пт
429;КОММУНАЛЬНАЯ УЛ;14:56;ПРИЛУКИ(Сеницкий с/с);15:08;пн вт ср чт пт
429;КОММУНАЛЬНАЯ УЛ;14:56;ПРИЛУКИ(Сеницкий с/с);15:08;сб вс
429;КОММУНАЛЬНАЯ УЛ;15:09;ПРИЛУКИ(Сеницкий с/с);15:21;пн вт ср чт пт
211;КОММУНАЛЬНАЯ УЛ;15:13;ПРИЛУКИ(Сеницкий с/с);15:25;сб вс
279;КОММУНАЛЬНАЯ УЛ;15:18;ПРИЛУКИ(Сеницкий с/с);15:30;пн вт ср чт пт
429;КОММУНАЛЬНАЯ УЛ;15:28;ПРИЛУКИ(Сеницкий с/с);15:40;пн вт ср чт пт
429;КОММУНАЛЬНАЯ УЛ;15:31;ПРИЛУКИ(Сеницкий с/с);15:43;сб вс
211;КОММУНАЛЬНАЯ УЛ;15:35;ПРИЛУКИ(Сеницкий с/с);15:47;пн вт ср чт пт
429;КОММУНАЛЬНАЯ УЛ;15:45;ПРИЛУКИ(Сеницкий с/с);15:57;пн вт ср чт пт
429;КОММУНАЛЬНАЯ УЛ;15:53;ПРИЛУКИ(Сеницкий с/с);16:05;сб вс
429;КОММУНАЛЬНАЯ УЛ;15:54;ПРИЛУКИ(Сеницкий с/с);16:06;пн вт ср чт пт
429;КОММУНАЛЬНАЯ УЛ;16:03;ПРИЛУКИ(Сеницкий с/с);16:15;пн вт ср чт пт
279;КОММУНАЛЬНАЯ УЛ;16:10;ПРИЛУКИ(Сеницкий с/с);16:22;сб вс
279;КОММУНАЛЬНАЯ УЛ;16:11;ПРИЛУКИ(Сеницкий с/с);16:23;пн вт ср чт пт
429;КОММУНАЛЬНАЯ УЛ;16:20;ПРИЛУКИ(Сеницкий с/с);16:32;пн вт ср чт пт
429;КОММУНАЛЬНАЯ УЛ;16:26;ПРИЛУКИ(Сеницкий с/с);16:38;сб вс
279;КОММУНАЛЬНАЯ УЛ;16:27;ПРИЛУКИ(Сеницкий с/с);16:39;пн вт ср чт пт
429;КОММУНАЛЬНАЯ УЛ;16:36;ПРИЛУКИ(Сеницкий с/с);16:48;пн вт ср чт пт
429;КОММУНАЛЬНАЯ УЛ;16:44;ПРИЛУКИ(Сеницкий с/с);16:56;пн вт ср чт пт
429;КОММУНАЛЬНАЯ УЛ;16:46;ПРИЛУКИ(Сеницкий с/с);16:59;сб вс
279;КОММУНАЛЬНАЯ УЛ;16:53;ПРИЛУКИ(Сеницкий с/с);17:05;пн вт ср чт пт
429;КОММУНАЛЬНАЯ УЛ;17:03;ПРИЛУКИ(Сеницкий с/с);17:15;пн вт ср чт пт
279;КОММУНАЛЬНАЯ УЛ;17:04;ПРИЛУКИ(Сеницкий с/с);17:16;сб вс
429;КОММУНАЛЬНАЯ УЛ;17:13;ПРИЛУКИ(Сеницкий с/с);17:25;пн вт ср чт пт
429;КОММУНАЛЬНАЯ УЛ;17:21;ПРИЛУКИ(Сеницкий с/с);17:33;сб вс
429;КОММУНАЛЬНАЯ УЛ;17:23;ПРИЛУКИ(Сеницкий с/с);17:35;пн вт ср чт пт
279;КОММУНАЛЬНАЯ УЛ;17:32;ПРИЛУКИ(Сеницкий с/с);17:44;пн вт ср чт пт
211;КОММУНАЛЬНАЯ УЛ;17:35;ПРИЛУКИ(Сеницкий с/с);17:47;сб вс
429;КОММУНАЛЬНАЯ УЛ;17:42;ПРИЛУКИ(Сеницкий с/с);17:54;пн вт ср чт пт
429;КОММУНАЛЬНАЯ УЛ;17:51;ПРИЛУКИ(Сеницкий с/с);18:03;пн вт ср чт пт
211;КОММУНАЛЬНАЯ УЛ;17:56;ПРИЛУКИ(Сеницкий с/с);18:08;пн вт ср чт пт
429;КОММУНАЛЬНАЯ УЛ;18:01;ПРИЛУКИ(Сеницкий с/с);18:13;сб вс
429;КОММУНАЛЬНАЯ УЛ;18:06;ПРИЛУКИ(Сеницкий с/с);18:18;пн вт ср чт пт
339А;КОММУНАЛЬНАЯ УЛ;18:20;ПРИЛУКИ(Сеницкий с/с);18:32;сб вс
429;КОММУНАЛЬНАЯ УЛ;18:20;ПРИЛУКИ(Сеницкий с/с);18:32;пн вт ср чт пт
429;КОММУНАЛЬНАЯ УЛ;18:30;ПРИЛУКИ(Сеницкий с/с);18:42;пн вт ср чт пт
429;КОММУНАЛЬНАЯ УЛ;18:33;ПРИЛУКИ(Сеницкий с/с);18:43;сб вс
211;КОММУНАЛЬНАЯ УЛ;18:34;ПРИЛУКИ(Сеницкий с/с);18:46;пн вт ср чт пт
429;КОММУНАЛЬНАЯ УЛ;18:48;ПРИЛУКИ(Сеницкий с/с);19:00;пн вт ср чт пт
429;КОММУНАЛЬНАЯ УЛ;18:53;ПРИЛУКИ(Сеницкий с/с);19:03;сб вс
429;КОММУНАЛЬНАЯ УЛ;18:58;ПРИЛУКИ(Сеницкий с/с);19:10;пн вт ср чт пт
429;КОММУНАЛЬНАЯ УЛ;19:07;ПРИЛУКИ(Сеницкий с/с);19:19;пн вт ср чт пт
279;КОММУНАЛЬНАЯ УЛ;19:10;ПРИЛУКИ(Сеницкий с/с);19:22;сб вс
339А;КОММУНАЛЬНАЯ УЛ;19:15;ПРИЛУКИ(Сеницкий с/с);19:27;пн вт ср чт пт
429;КОММУНАЛЬНАЯ УЛ;19:25;ПРИЛУКИ(Сеницкий с/с);19:35;сб вс
429;КОММУНАЛЬНАЯ УЛ;19:26;ПРИЛУКИ(Сеницкий с/с);19:38;пн вт ср чт пт
211;КОММУНАЛЬНАЯ УЛ;19:35;ПРИЛУКИ(Сеницкий с/с);19:47;пн вт ср чт пт
429;КОММУНАЛЬНАЯ УЛ;19:42;ПРИЛУКИ(Сеницкий с/с);19:52;сб вс
211;КОММУНАЛЬНАЯ УЛ;19:58;ПРИЛУКИ(Сеницкий с/с);20:08;сб вс
429;КОММУНАЛЬНАЯ УЛ;20:02;ПРИЛУКИ(Сеницкий с/с);20:14;пн вт ср чт пт
279;КОММУНАЛЬНАЯ УЛ;20:18;ПРИЛУКИ(Сеницкий с/с);20:30;пн вт ср чт пт
429;КОММУНАЛЬНАЯ УЛ;20:19;ПРИЛУКИ(Сеницкий с/с);20:29;сб вс
429;КОММУНАЛЬНАЯ УЛ;20:32;ПРИЛУКИ(Сеницкий с/с);20:42;пн вт ср чт пт
279;КОММУНАЛЬНАЯ УЛ;20:39;ПРИЛУКИ(Сеницкий с/с);20:49;сб вс
429;КОММУНАЛЬНАЯ УЛ;20:50;ПРИЛУКИ(Сеницкий с/с);21:00;пн вт ср чт пт
429;КОММУНАЛЬНАЯ УЛ;21:01;ПРИЛУКИ(Сеницкий с/с);21:11;сб вс
279;КОММУНАЛЬНАЯ УЛ;21:07;ПРИЛУКИ(Сеницкий с/с);21:17;пн вт ср чт пт
429;КОММУНАЛЬНАЯ УЛ;21:27;ПРИЛУКИ(Сеницкий с/с);21:37;пн вт ср чт пт
429;КОММУНАЛЬНАЯ УЛ;21:38;ПРИЛУКИ(Сеницкий с/с);21:48;сб вс
279;КОММУНАЛЬНАЯ УЛ;21:42;ПРИЛУКИ(Сеницкий с/с);21:52;пн вт ср чт пт
429;КОММУНАЛЬНАЯ УЛ;22:02;ПРИЛУКИ(Сеницкий с/с);22:12;пн вт ср чт пт
429;КОММУНАЛЬНАЯ УЛ;22:10;ПРИЛУКИ(Сеницкий с/с);22:20;сб вс
429;КОММУНАЛЬНАЯ УЛ;22:29;ПРИЛУКИ(Сеницкий с/с);22:39;пн вт ср чт пт
429;КОММУНАЛЬНАЯ УЛ;22:39;ПРИЛУКИ(Сеницкий с/с);22:48;сб вс
429;КОММУНАЛЬНАЯ УЛ;22:57;ПРИЛУКИ(Сеницкий с/с);23:07;пн вт ср чт пт
429;КОММУНАЛЬНАЯ УЛ;23:29;ПРИЛУКИ(Сеницкий с/с);23:39;сб вс
429;КОММУНАЛЬНАЯ УЛ;23:29;ПРИЛУКИ(Сеницкий с/с);23:39;пн вт ср чт пт
429;КОММУНАЛЬНАЯ УЛ;23:59;ПРИЛУКИ(Сеницкий с/с);0:08;пн вт ср чт пт
